{
    "powers": [
        "underground:better_in_the_dark",
        "underground:venomous",
        "origins:climbing",
        "origins:arthropod",
        "origins:webbing",
        "origins:no_cobweb_slowdown",
        "underground:heliophobia",
        "origins:carnivore",
        "origins:fragile"
    ],
    "icon": "minecraft:spider_eye",
    "order": 11,
    "impact": 3,
    "name": "Arachne",
    "description": "A subspecies of Arachnid, these spider folk are better suited for caves and darkness than daylight, but make efficient hunters still none the less."
}