{
    "powers": [
        "underground:set_in_stone",
        "underground:better_in_the_dark",
        "underground:toggle",
        "underground:exoskeleton",
        "underground:exo_berries",
        "underground:exo_cacti",
        "underground:fast_assailant",
        "underground:potion_immunity",
        "underground:anablephobia"
    ],
    "icon": "minecraft:stone_bricks",
    "order": 9,
    "impact": 3,
    "name": "Silverian",
    "description": "Insect like and magic resistant humanoids, these powerful folk are evolved descendants of the common silverfish and make perfect assassins."
}