{
    "type": "origins:conditioned_attribute",
    "modifier": {
        "name": "Max health increase",
        "attribute": "minecraft:generic.max_health",
        "value": -14,
        "operation": "addition"
    },
    "tick_rate": 60,
    "condition": {
        "type": "origins:exposed_to_sky"
    },
    "name": "Anablephobia",
    "description": "Your kind and your ancestors are not known for spending much time on the surface, because of this you have a deep ancestral fear of the sky that makes you physically sick and drops your health drastically."
}