{
    "type": "origins:stacking_status_effect",
    "min_stacks": 0,
    "max_stacks": 361,
    "duration_per_stack": 10,
    "effects": [
        {
            "effect": "minecraft:weakness",
            "is ambient": true,
            "show_particles": false,
            "show_icon": true
        }
    ],
    "condition": {
        "type": "origins:exposed_to_sun"
    },
    "name": "Heliophobia",
    "description": "You are not used to the daylight, and it's brightness terrifies you to the point of weakness."
}