{
    "type": "origins:phasing",
    "blacklist": false,
    "render_type": "blindness",
    "view_distance": 50,
    "condition": {
        "type": "origins:power_active",
        "power": "underground:toggle"
    },
    "block_condition": {
        "type": "origins:in_tag",
        "tag": "underground:stone_based"
    },
    "phase_down_condition": {
        "type": "origins:and",
        "conditions": [
            {
                "type": "origins:sneaking"
            },
            {
                "type": "origins:on_block"
            }
         ]
    },
    "name": "Set In Stone",
    "description": "Your silverfish lineage lets you easily hide yourself in stone and stone based blocks."
}