{
    "type": "origins:stacking_status_effect",
    "min_stacks": 0,
    "max_stacks": 361,
    "duration_per_stack": 10,
    "effects": [
        {
            "effect": "minecraft:blindness",
            "is ambient": true,
            "show_particles": false,
            "show_icon": true
        }
    ],
    "condition": {
        "type": "origins:exposed_to_sun"
    },
    "name": "Weak Eyes",
    "description": "You aren't accustomed to the sunlight and become blind when exposed to it."
}